City_ID,City,Latitude,Max Temperature,Humidity,Cloudiness,Wind Speed,Country,Date
0,new norfolk,-42.78,46.99,90,83,0.54,AU,1597430954
1,nishihara,26.18,82.4,83,20,4.7,JP,1597431203
2,butaritari,3.07,81.91,77,86,11.99,KI,1597431204
3,pangnirtung,66.15,51.8,71,75,17.22,CA,1597431206
4,samarai,-10.62,77.16,73,100,12.37,PG,1597431207
5,arraial do cabo,-22.97,84.2,61,86,17.22,BR,1597431118
6,thompson,55.74,71.6,56,75,10.29,CA,1597431210
7,jamestown,42.1,84.0,54,20,10.29,US,1597431209
8,bonavista,48.65,61.0,85,100,11.99,CA,1597431212
9,barrow,71.29,46.4,87,40,11.41,US,1597431213
10,faanui,-16.48,78.66,82,1,19.46,PF,1597431214
11,dikson,73.51,46.22,86,60,11.41,RU,1597431215
12,nurobod,40.91,77.0,22,0,4.7,UZ,1597431217
13,cape town,-33.93,59.0,87,75,18.34,ZA,1597431219
14,killeen,31.12,100.4,30,1,8.05,US,1597431220
15,hobart,-42.88,48.0,100,90,1.12,AU,1597430937
16,rikitea,-23.12,70.77,73,55,12.5,PF,1597430958
17,hilo,19.73,77.0,61,75,3.36,US,1597430987
18,east london,-33.02,61.74,61,0,9.84,ZA,1597431228
19,bluff,-46.6,33.01,95,40,4.0,NZ,1597431229
20,port elizabeth,-33.92,51.8,87,0,3.36,ZA,1597431230
21,umm kaddadah,13.6,92.7,34,32,9.44,SD,1597431231
22,stroud,51.75,68.0,88,100,3.36,GB,1597431116
23,albany,42.6,84.0,42,100,5.86,US,1597431234
24,vardo,70.37,53.6,81,100,16.11,NO,1597431235
25,kaitangata,-46.28,36.0,82,1,3.0,NZ,1597431236
26,castro,-24.79,71.71,64,92,10.36,BR,1597431237
27,yatou,37.15,76.86,95,100,5.75,CN,1597431238
28,ushuaia,-54.8,33.8,80,75,7.2,AR,1597430958
29,waipawa,-41.41,39.2,80,0,3.36,NZ,1597430976
30,ravar,31.27,78.44,19,1,3.02,IR,1597431242
31,saskylakh,71.92,34.72,89,82,2.42,RU,1597431243
32,olafsvik,64.89,50.86,74,20,14.34,IS,1597431244
33,kavaratti,10.57,82.58,76,100,17.98,IN,1597431246
34,codrington,-38.27,44.8,95,7,6.8,AU,1597431247
35,hambantota,6.12,77.0,94,100,5.82,LK,1597431078
36,busselton,-33.65,55.0,85,10,9.44,AU,1597431249
37,puerto ayora,-0.74,77.0,65,75,16.11,EC,1597430981
38,kodiak,57.79,59.0,62,1,2.73,US,1597431251
39,choya,52.01,57.56,91,100,1.77,RU,1597431253
40,mackenzie,55.3,51.8,81,90,8.05,CA,1597431254
41,porosozero,62.72,52.86,94,100,6.33,RU,1597431255
42,bredasdorp,-34.53,60.8,55,0,10.29,ZA,1597431256
43,port alfred,-33.59,57.09,73,0,5.88,ZA,1597431258
44,alofi,-19.06,73.4,94,46,11.41,NU,1597431259
45,kapaa,22.08,81.0,78,40,12.75,US,1597431260
46,santa fe,-31.63,71.01,56,30,1.99,AR,1597431261
47,geraldton,-28.77,50.0,87,0,11.41,AU,1597431262
48,kruisfontein,-34.0,52.0,79,0,3.6,ZA,1597431076
49,sorland,67.67,55.4,87,75,24.16,NO,1597431265
50,berbera,10.44,91.74,48,100,7.38,SO,1597431266
51,vaini,-21.2,68.0,72,20,9.17,TO,1597431267
52,nhulunbuy,-12.23,69.8,94,0,4.7,AU,1597431268
53,hermanus,-34.42,55.0,88,33,8.01,ZA,1597431270
54,kichera,55.94,56.53,76,100,6.55,RU,1597431271
55,hasaki,35.73,79.0,100,20,2.24,JP,1597431035
56,mahebourg,-20.41,66.2,82,40,3.36,MU,1597431275
57,avarua,-21.21,73.4,100,99,17.22,CK,1597431276
58,kailua,21.4,81.0,65,40,11.41,US,1597431141
59,qaqortoq,60.72,55.4,71,75,10.29,GL,1597431278
60,brodick,55.58,73.4,69,20,6.93,GB,1597431280
61,port blair,11.67,82.47,81,88,17.02,IN,1597431281
62,sabang,5.89,82.49,80,77,13.73,ID,1597431282
63,kyra,49.58,52.88,84,0,4.29,RU,1597431283
64,obihiro,42.92,59.9,95,100,6.62,JP,1597431284
65,jacareacanga,-6.22,100.4,37,0,4.7,BR,1597431285
66,punta arenas,-53.15,33.8,80,75,6.93,CL,1597431287
67,bud,39.45,82.0,61,1,4.09,US,1597431288
68,san patricio,19.22,93.2,71,40,6.93,MX,1597431055
69,khatanga,71.97,50.14,56,0,15.23,RU,1597431290
70,salalah,17.02,78.8,88,75,4.7,OM,1597431291
71,vila franca do campo,37.72,75.2,78,20,13.87,PT,1597431293
72,pevek,69.7,46.56,77,100,17.25,RU,1597431294
73,waingapu,-9.66,73.33,84,0,7.4,ID,1597431295
74,nakhon phanom,17.41,72.54,98,100,4.0,TH,1597431296
75,togur,58.36,57.25,96,0,3.27,RU,1597431259
76,coihaique,-45.58,33.8,81,90,6.93,CL,1597431299
77,lebu,-37.62,48.96,59,15,8.7,CL,1597431300
78,plainview,40.78,88.0,45,75,8.05,US,1597431302
79,kijang,35.24,80.6,83,93,6.93,KR,1597431304
80,chiusi,43.02,77.0,74,0,3.38,IT,1597431305
81,auki,-8.77,76.93,83,76,2.04,SB,1597431306
82,tuatapere,-46.13,33.01,95,20,4.0,NZ,1597431024
83,port hardy,50.7,59.0,87,90,9.17,CA,1597431309
84,upernavik,72.79,42.13,64,0,10.83,GL,1597431310
85,cayenne,4.93,89.6,62,9,13.87,GF,1597431311
86,tabou,4.42,76.26,78,7,8.61,CI,1597431312
87,lata,40.16,72.0,73,0,3.0,PT,1597431314
88,eureka,40.8,84.0,72,1,5.82,US,1597431125
89,pangkalanbuun,-2.68,74.28,95,100,2.06,ID,1597431316
90,long beach,33.77,89.01,51,1,4.7,US,1597431317
91,wanning,18.8,78.08,82,0,6.71,CN,1597431319
92,digboi,27.38,75.92,90,99,1.88,IN,1597431320
93,okha,53.57,55.02,89,100,11.45,RU,1597431322
94,yantal,56.85,48.4,70,0,4.68,RU,1597431323
95,norman wells,65.28,55.4,93,90,10.29,CA,1597431324
96,tiksi,71.69,40.15,92,100,10.07,RU,1597431327
97,atuona,-9.8,77.74,67,100,14.47,PF,1597431328
98,srivardhan,18.03,79.81,84,100,17.58,IN,1597431329
99,bathsheba,13.22,87.8,66,40,13.87,BB,1597431331
100,kushima,31.46,77.68,85,0,6.71,JP,1597431332
101,chokurdakh,70.63,36.91,98,100,5.32,RU,1597431334
102,egvekinot,66.32,50.45,86,100,4.09,RU,1597431335
103,hearst,49.68,86.81,32,0,9.89,CA,1597431337
104,katsuura,35.13,82.4,94,75,3.36,JP,1597431338
105,tshikapa,-6.42,80.35,31,3,0.96,CD,1597431339
106,te anau,-45.42,32.31,95,38,0.87,NZ,1597431340
107,tadine,-21.55,67.01,84,28,15.41,NC,1597431342
108,altay,47.87,56.79,80,100,2.86,CN,1597431081
109,ribeira grande,38.52,77.0,78,40,10.29,PT,1597431341
110,chernyshevskiy,63.01,44.35,71,100,4.0,RU,1597431347
111,moctezuma,29.8,93.45,41,0,3.89,MX,1597431348
112,kurilsk,45.23,53.1,81,100,7.09,RU,1597431349
113,mataura,-46.19,33.01,95,0,4.0,NZ,1597431330
114,lipin bor,60.26,55.06,85,99,5.12,RU,1597431314
115,yellowknife,62.46,59.0,77,75,17.22,CA,1597431353
116,talnakh,69.49,62.6,67,32,11.18,RU,1597431354
117,ponta do sol,32.67,77.0,57,40,9.17,PT,1597431339
118,peyima,8.7,72.5,97,95,2.71,SL,1597431356
119,north platte,41.12,82.4,51,1,14.99,US,1597431357
120,ulundi,-28.34,58.44,58,0,4.25,ZA,1597431359
121,chapaevsk,52.98,55.4,93,40,6.93,RU,1597431360
122,ahipara,-35.17,49.46,86,50,7.34,NZ,1597431361
123,talara,-4.58,65.93,77,100,21.41,PE,1597431362
124,maumere,-8.62,77.67,81,56,7.25,ID,1597431364
125,republic,37.12,90.0,55,1,5.82,US,1597431168
126,porto de moz,-1.75,96.12,36,60,4.72,BR,1597431243
127,vryburg,-26.96,54.99,30,0,8.93,ZA,1597431368
128,fare,-16.7,79.05,80,7,17.9,PF,1597431370
129,baruun-urt,46.68,56.95,79,0,4.27,MN,1597431371
130,cabo san lucas,22.89,89.01,66,40,16.11,MX,1597431319
131,qaanaaq,77.48,38.64,76,100,7.9,GL,1597431373
132,hof,50.32,68.0,77,75,8.05,DE,1597431375
133,ilulissat,69.22,44.6,52,40,5.82,GL,1597431376
134,marsh harbour,26.54,85.24,59,0,8.46,BS,1597431377
135,sitka,57.05,55.4,87,100,5.82,US,1597431378
136,saldanha,-33.01,59.0,72,39,3.36,ZA,1597431380
137,itaituba,-4.28,96.8,41,91,9.17,BR,1597431381
138,mantua,45.17,75.99,64,91,4.7,IT,1597431382
139,chuy,-33.7,59.29,79,0,9.93,UY,1597431383
140,maarianhamina,60.1,64.4,93,1,4.7,AX,1597431100
141,inhambane,-23.86,62.6,77,0,4.7,MZ,1597431386
142,kigoma,-4.88,74.59,59,0,4.03,TZ,1597431387
143,reconquista,-29.15,67.93,59,98,3.29,AR,1597431388
144,abu kamal,34.45,88.63,17,0,13.04,SY,1597431391
145,mahanoro,-19.9,67.23,84,38,0.87,MG,1597431392
146,nouakchott,18.09,87.8,70,20,17.22,MR,1597431341
147,buka,40.81,77.0,22,0,4.7,UZ,1597431394
148,la rioja,42.25,80.6,54,20,1.12,ES,1597431396
149,corrales,35.24,91.4,14,20,4.7,US,1597431397
150,shotts,55.82,66.0,93,20,11.41,GB,1597431398
151,longyearbyen,78.22,48.2,61,40,19.46,SJ,1597431401
152,loa janan,-0.58,74.21,97,44,1.36,ID,1597431402
153,luanda,-8.84,71.6,83,75,4.7,AO,1597431297
154,japura,-0.32,74.77,94,45,1.83,ID,1597431404
155,necochea,-38.55,64.0,43,100,4.0,AR,1597431405
156,kerema,-7.96,76.87,89,100,7.25,PG,1597431407
157,port hedland,-20.32,55.4,93,11,5.82,AU,1597431408
158,santiago del estero,-27.8,75.47,25,0,1.77,AR,1597431330
159,saint george,37.1,93.2,18,1,6.17,US,1597431218
160,suileng,47.25,56.03,96,0,9.31,CN,1597431412
161,kahului,20.89,82.4,58,20,14.99,US,1597431348
162,cedar city,37.68,87.8,12,1,4.7,US,1597431414
163,liwale,-9.77,69.08,51,16,3.2,TZ,1597431415
164,ostrovnoy,68.05,50.5,89,100,17.13,RU,1597431416
165,amahai,-3.33,81.0,92,100,3.02,ID,1597431418
166,banjar,-8.19,78.8,100,40,10.29,ID,1597431420
167,bongandanga,1.5,75.99,83,100,3.24,CD,1597431421
168,halifax,44.65,82.0,69,93,10.0,CA,1597431373
169,hami,42.8,75.07,36,6,1.88,CN,1597431423
170,klaksvik,62.23,53.6,100,50,6.93,FO,1597431424
171,portel,-1.94,92.89,42,100,4.56,BR,1597431426
172,zabalj,45.37,78.8,69,97,3.36,RS,1597431428
173,lima,-12.04,62.6,72,90,5.82,PE,1597431386
174,ancud,-41.87,48.99,87,90,12.75,CL,1597431430
175,souillac,-20.52,66.2,82,40,3.36,MU,1597431331
176,marshfield,44.67,80.6,51,1,9.17,US,1597431297
177,saint-philippe,-21.36,68.0,68,75,6.93,RE,1597431434
178,kaeo,-35.1,46.99,3,47,8.08,NZ,1597431435
179,lahat,-3.8,72.07,92,14,2.15,ID,1597431436
180,gouyave,12.16,87.8,70,40,18.34,GD,1597431438
181,teeli,51.03,55.36,67,100,0.58,RU,1597431439
182,durazno,-33.41,64.4,59,40,12.75,UY,1597431351
183,progreso,21.28,95.0,55,75,6.93,MX,1597431441
184,mbanza-ngungu,-5.25,78.28,48,0,7.02,CD,1597431443
185,carnarvon,-24.87,51.8,100,0,4.7,AU,1597431341
186,alta floresta,-9.88,98.6,20,20,5.82,BR,1597431445
187,bulawayo,-20.15,56.3,64,0,10.2,ZW,1597431418
188,khasan,42.43,72.28,74,69,6.15,RU,1597431447
189,port macquarie,-31.43,57.99,100,100,3.36,AU,1597431449
190,lorengau,-2.02,79.18,81,100,4.63,PG,1597431450
191,kamenka,51.32,55.99,75,100,3.0,RU,1597431451
192,hualmay,-11.1,65.64,66,21,11.79,PE,1597431452
193,champerico,14.3,91.4,66,20,9.17,GT,1597431454
194,pangoa,-12.12,88.68,42,16,4.85,PE,1597431456
195,klichka,50.45,53.83,93,99,3.27,RU,1597431457
196,agronom,45.14,68.0,52,0,6.71,RU,1597431458
197,waiouru,-39.48,27.21,86,0,2.21,NZ,1597431460
198,bomi,7.25,76.3,80,95,4.21,SL,1597431461
199,bulls,-40.17,35.01,89,0,4.14,NZ,1597431462
200,hithadhoo,-0.6,82.6,71,0,4.21,MV,1597431463
201,nikolskoye,59.7,64.4,63,20,2.24,RU,1597431464
202,dingle,11.0,75.24,91,58,1.77,PH,1597431466
203,provideniya,64.38,50.54,79,31,7.07,RU,1597431467
204,mar del plata,-38.0,64.4,36,100,10.29,AR,1597431468
205,vestmannaeyjar,63.44,53.6,81,14,8.05,IS,1597431469
206,grindavik,63.84,51.8,81,93,16.11,IS,1597431470
207,lavrentiya,65.58,52.52,70,100,4.83,RU,1597431472
208,la baule-escoublac,47.29,69.8,68,100,10.29,FR,1597431473
209,la ronge,55.1,69.8,49,40,17.22,CA,1597431475
210,dese,11.13,55.33,91,23,2.46,ET,1597431476
211,udachnyy,66.42,41.0,86,90,4.47,RU,1597431478
212,aquiraz,-3.9,84.2,58,20,16.11,BR,1597431479
213,bambous virieux,-20.34,66.2,82,40,3.36,MU,1597431480
214,igrim,63.19,47.68,74,4,5.28,RU,1597431481
215,victoria,22.29,84.0,74,0,5.01,HK,1597431192
216,aklavik,68.22,51.8,93,90,4.7,CA,1597431484
217,karasburg,-28.02,61.03,28,0,8.61,NA,1597431485
218,diffa,13.32,82.24,69,7,8.25,NE,1597431486
219,touros,-5.2,82.4,61,20,13.87,BR,1597431487
220,san pedro de macoris,18.46,95.0,94,75,8.41,DO,1597431490
221,hagere hiywet,8.98,58.93,86,100,3.27,ET,1597431492
222,severo-kurilsk,50.68,51.75,77,100,6.49,RU,1597431493
223,cottbus,51.77,73.99,64,100,1.01,DE,1597431495
224,magistralnyy,56.17,51.04,70,48,6.44,RU,1597431496
225,tasiilaq,65.61,53.6,37,20,4.7,GL,1597431332
226,namatanai,-3.67,78.26,80,100,2.48,PG,1597431498
227,ixtapa,20.7,89.01,62,75,3.36,MX,1597431499
228,honiara,-9.43,75.2,100,75,2.24,SB,1597431501
229,guiratinga,-16.35,96.13,17,0,9.98,BR,1597431502
230,havelock,34.88,87.8,70,40,9.17,US,1597431473
231,rorvik,64.86,57.2,76,40,19.46,NO,1597431504
232,itarema,-2.92,81.99,64,0,20.56,BR,1597431505
233,west point,33.61,87.8,66,75,5.55,US,1597431506
234,oyama,36.3,88.0,94,75,3.36,JP,1597431360
235,oussouye,12.48,82.4,88,40,4.7,SN,1597431509
236,barao de melgaco,-16.19,100.4,15,0,11.41,BR,1597431510
237,pocone,-16.26,103.44,16,0,8.86,BR,1597431511
238,lamar,33.67,91.0,58,20,13.87,US,1597431512
239,rypefjord,70.63,53.6,87,75,9.17,NO,1597431514
240,balaipungut,1.05,77.0,94,20,1.83,ID,1597431515
241,tuktoyaktuk,69.45,50.0,93,75,4.7,CA,1597431338
242,nanortalik,60.14,46.35,67,99,13.56,GL,1597431332
243,mount gambier,-37.83,48.2,100,90,6.93,AU,1597431520
244,urengoy,65.97,49.3,82,96,15.73,RU,1597431521
245,teluknaga,-6.1,77.0,88,40,2.24,ID,1597431522
246,tual,-5.67,78.75,85,98,16.28,ID,1597431357
247,saint anthony,45.02,82.0,74,20,12.75,US,1597431527
248,omboue,-1.57,75.25,82,96,10.33,GA,1597431528
249,istria,44.57,73.4,60,0,11.41,RO,1597431529
250,brainerd,46.36,75.2,64,1,10.29,US,1597431361
251,hede,33.77,79.38,89,81,7.02,CN,1597431532
252,mwanza,-2.52,75.2,78,20,11.41,TZ,1597431533
253,nayoro,44.35,61.75,92,100,2.33,JP,1597431534
254,namibe,-15.2,62.87,86,44,6.26,AO,1597431245
255,palmer,42.16,87.01,40,75,8.05,US,1597431537
256,nouadhibou,20.93,78.8,69,83,14.99,MR,1597431539
257,yoichi,43.2,64.0,98,99,3.0,JP,1597431540
258,kovernino,57.13,52.41,69,100,7.58,RU,1597431541
259,eyl,7.98,77.07,74,100,26.69,SO,1597431355
260,richards bay,-28.78,66.4,67,0,16.06,ZA,1597431545
261,narsaq,60.92,55.4,71,75,10.29,GL,1597431546
262,tabuk,17.42,74.35,87,89,0.25,PH,1597431549
263,kalmunai,7.42,80.24,81,100,2.3,LK,1597431550
264,aksha,50.28,54.27,88,0,2.98,RU,1597431551
265,katherine,-14.47,78.8,69,16,5.82,AU,1597431393
266,linping,30.42,87.8,66,75,4.47,CN,1597431554
267,naze,28.37,80.6,94,20,3.36,JP,1597431555
268,asau,46.43,63.0,76,51,3.74,RO,1597431556
269,saint-pierre,-21.34,68.0,68,75,6.93,RE,1597431557
270,poum,-20.23,69.73,74,6,13.6,NC,1597431559
271,maneadero,31.72,93.0,23,0,7.0,MX,1597431560
272,key west,24.56,93.2,59,1,6.93,US,1597431561
273,san quintin,30.48,80.85,50,2,14.83,MX,1597431502
274,bonham,33.58,96.01,52,1,17.22,US,1597431563
275,tazovskiy,67.47,46.67,86,100,16.62,RU,1597431359
276,merauke,-8.47,76.14,87,49,10.65,ID,1597431305
277,vila velha,-20.33,80.6,65,20,13.87,BR,1597431567
278,meulaboh,4.14,77.9,83,96,4.27,ID,1597431568
279,daru,-9.08,76.01,85,100,14.92,PG,1597431570
280,nantucket,41.28,82.4,42,1,10.29,US,1597431419
281,bira,49.0,61.95,95,100,2.35,RU,1597431572
282,aimores,-19.5,85.98,35,4,7.63,BR,1597431573
283,umm lajj,25.02,82.96,63,99,1.21,SA,1597431575
284,tura,25.52,76.3,96,100,4.99,IN,1597431576
285,newport,51.59,66.0,95,100,4.21,GB,1597431455
286,vao,-22.67,67.24,76,44,17.38,NC,1597431353
287,guerrero negro,27.98,84.4,42,9,11.27,MX,1597431580
288,khudumelapye,-23.88,59.65,27,0,7.72,BW,1597431581
289,isangel,-19.55,71.6,73,8,10.29,VU,1597431338
290,coos bay,43.37,75.0,52,1,13.87,US,1597431583
291,kavieng,-2.57,82.54,73,100,6.06,PG,1597431584
292,bethel,41.37,87.01,45,20,9.17,US,1597431490
293,clyde river,70.47,42.8,87,75,6.93,CA,1597431587
294,yar-sale,66.83,47.44,72,53,2.21,RU,1597431588
295,taybad,34.74,81.73,21,0,14.58,IR,1597431589
296,the valley,18.22,86.0,70,20,12.75,AI,1597431591
297,sakakah,29.97,93.2,17,0,11.41,SA,1597431592
298,waddan,29.16,85.06,30,0,18.99,LY,1597431594
299,la vega,19.22,89.6,59,75,6.93,DO,1597431595
300,brae,60.4,53.6,87,75,8.05,GB,1597431596
301,mecca,21.43,93.76,23,100,3.62,SA,1597431514
302,port-gentil,-0.72,77.0,83,20,17.11,GA,1597431599
303,paita,-5.09,68.61,68,77,17.54,PE,1597431600
304,hanmer springs,-42.52,36.66,82,0,4.25,NZ,1597431601
305,iqaluit,63.75,50.0,71,75,4.7,CA,1597431604
306,yining,29.04,77.16,84,66,2.82,CN,1597431605
307,tungor,53.38,54.01,91,99,9.73,RU,1597431608
308,mersing,2.43,75.2,100,99,3.36,MY,1597431578
309,tigil,57.8,48.79,77,0,9.6,RU,1597431612
310,sao filipe,14.9,77.74,86,76,6.91,CV,1597431615
311,vallenar,-28.57,69.08,26,0,6.35,CL,1597431621
312,bengkulu,-3.8,76.44,80,13,3.85,ID,1597431622
313,tateyama,34.98,82.4,94,75,3.36,JP,1597431623
314,airai,-8.93,55.26,88,3,2.57,TL,1597431625
315,pisco,-13.7,66.0,75,4,13.0,PE,1597431626
316,guaruja,-23.99,78.8,74,74,8.05,BR,1597431628
317,kitimat,54.05,57.2,93,90,9.17,CA,1597431364
318,shenzhen,22.55,84.0,83,20,8.95,CN,1597431506
319,dunedin,-45.87,37.0,81,0,1.99,NZ,1597431355
320,calvia,39.57,82.99,74,0,6.93,ES,1597431634
321,coahuayana,18.73,78.8,78,75,6.93,MX,1597431635
322,port augusta,-32.5,48.99,100,0,8.05,AU,1597431636
323,naryan-mar,67.67,48.09,71,100,7.81,RU,1597431639
324,yulara,-25.24,44.6,65,0,6.93,AU,1597431347
325,georgetown,5.41,80.6,88,20,2.24,MY,1597431641
326,flinders,-34.58,57.0,93,100,1.01,AU,1597431643
327,mtwara,-10.27,72.84,74,0,14.58,TZ,1597431645
328,sebinkarahisar,40.29,53.42,76,16,5.84,TR,1597431648
329,ulladulla,-35.35,53.6,100,90,6.93,AU,1597431649
330,savannah bight,16.45,84.54,73,100,13.4,HN,1597431650
331,posyet,42.65,69.8,87,24,2.39,RU,1597431651
332,san cristobal,7.77,87.8,58,40,10.29,VE,1597431653
333,ukiah,39.15,96.01,21,1,2.04,US,1597431584
334,cidreira,-30.18,62.44,87,7,14.29,BR,1597431655
335,saint-augustin,51.23,63.72,41,8,11.5,CA,1597431656
336,izazi,-7.2,73.36,37,0,10.04,TZ,1597431658
337,gazanjyk,39.24,87.51,38,78,9.66,TM,1597431660
338,bonfim,3.08,89.83,55,50,3.53,BR,1597431661
339,chipinge,-20.19,53.94,86,1,6.31,ZW,1597431663
340,hovd,48.01,65.52,40,100,8.19,MN,1597431664
341,coari,-4.08,99.0,30,5,4.97,BR,1597431665
342,bambanglipuro,-7.95,75.61,91,24,4.54,ID,1597431666
343,tulle,45.33,75.0,66,0,2.06,FR,1597431668
344,bandarbeyla,9.49,76.03,80,100,33.42,SO,1597431669
345,utiel,39.57,75.0,73,0,8.88,ES,1597431670
346,port keats,-14.25,72.93,91,0,5.19,AU,1597431671
347,edeia,-17.34,94.24,20,0,4.45,BR,1597431673
348,batagay-alyta,67.8,37.98,93,100,3.33,RU,1597431674
349,chililabombwe,-12.36,60.3,30,4,6.71,ZM,1597431628
350,praia da vitoria,38.73,77.0,69,40,7.99,PT,1597431632
351,hay river,60.82,57.2,93,75,14.99,CA,1597431677
352,norsup,-16.07,77.0,88,75,6.93,VU,1597431679
353,sile,41.18,75.99,53,0,5.01,TR,1597431680
354,dakar,14.69,84.2,83,75,6.93,SN,1597431594
355,neuquen,-38.95,53.6,23,0,18.34,AR,1597431683
356,sinnamary,5.38,84.11,73,26,14.61,GF,1597431684
357,baculin,7.45,79.2,73,99,3.36,PH,1597431685
358,kaliua,-5.06,74.05,32,0,4.23,TZ,1597431686
359,moussoro,13.64,87.3,55,58,7.11,TD,1597431688
360,letlhakeng,-24.09,56.88,36,0,8.86,BW,1597431690
361,channel-port aux basques,47.57,68.54,73,2,13.76,CA,1597431692
362,svetlyy,54.67,66.99,82,0,2.24,RU,1597431693
363,unai,-16.36,89.53,23,0,6.04,BR,1597431438
364,trondheim,63.43,62.01,76,58,1.99,NO,1597431404
365,acapulco,16.86,87.8,70,40,6.93,MX,1597431601
366,basco,20.45,83.52,75,100,6.46,PH,1597431700
367,nea ankhialos,39.28,80.6,61,0,4.32,GR,1597431701
368,topolobampo,25.6,93.99,49,40,14.99,MX,1597431702
369,harer,9.31,63.3,84,100,3.22,ET,1597431703
370,camacha,33.08,73.4,69,20,10.29,PT,1597431705
371,beringovskiy,63.05,50.92,78,93,8.28,RU,1597431706
372,itoman,26.12,82.4,83,20,4.7,JP,1597431708
373,santa cruz,-17.8,82.4,61,40,27.51,BO,1597431503
374,hauge,58.34,63.0,91,0,12.77,NO,1597431710
375,mushie,-3.02,88.14,42,99,3.8,CD,1597431711
376,caravelas,-17.71,76.59,68,0,7.81,BR,1597431453
377,xichang,27.9,66.27,80,100,1.68,CN,1597431714
378,forestville,38.85,87.01,66,20,12.75,US,1597431715
379,nerchinskiy zavod,51.31,51.08,92,87,2.37,RU,1597431716
380,krasnoselkup,65.7,62.29,93,100,6.22,RU,1597431717
381,bereda,43.27,66.0,80,100,5.99,ES,1597431718
382,piranhas,-16.43,96.24,19,0,8.19,BR,1597431721
383,arona,28.1,78.8,57,7,25.28,ES,1597431722
384,denia,38.84,82.99,57,0,1.99,ES,1597431532
385,santa maria,-29.68,66.2,77,40,16.11,BR,1597431457
386,marienburg,54.04,73.0,56,0,6.93,PL,1597431726
387,sijunjung,-0.69,72.19,89,68,1.21,ID,1597431727
388,coquimbo,-29.95,57.2,62,0,9.17,CL,1597431585
389,kiwira,-9.17,57.99,73,0,3.44,TZ,1597431730
390,shimoda,34.67,75.0,92,1,5.14,JP,1597431731
391,girne,35.34,87.01,48,0,11.41,CY,1597431732
392,floriano,-6.77,97.23,24,94,7.58,BR,1597431733
393,leningradskiy,69.38,57.56,59,0,12.15,RU,1597431735
394,srandakan,-7.94,75.74,91,27,4.38,ID,1597431736
395,rodrigues alves,-7.74,80.6,88,75,11.41,BR,1597431737
396,kambove,-10.88,60.03,30,81,4.56,CD,1597431738
397,sume,-7.67,87.91,25,0,13.76,BR,1597431740
398,naron,43.52,69.8,64,40,5.82,ES,1597431742
399,tlacotepec,20.07,72.19,76,74,6.53,MX,1597431743
400,springbok,-29.66,48.04,70,0,3.78,ZA,1597431744
401,broken hill,-31.95,48.2,87,0,3.36,AU,1597431745
402,kununurra,-15.77,68.0,65,15,3.36,AU,1597431748
403,kaseda,31.42,81.3,84,0,5.39,JP,1597431750
404,sumbe,-11.21,70.32,87,28,7.76,AO,1597431751
405,sambava,-14.27,71.37,89,100,10.36,MG,1597431753
406,gibara,21.11,91.4,55,40,17.22,CU,1597431755
407,puerto escondido,15.85,87.8,62,20,8.05,MX,1597431757
408,fria,10.42,73.8,96,94,4.72,GN,1597431758
409,fort nelson,58.81,60.8,63,75,6.93,CA,1597431759
410,poso,-1.4,75.69,67,0,7.02,ID,1597431762
411,santiago,-33.46,53.6,61,90,2.24,CL,1597431580
412,dukat,62.55,47.39,89,100,2.19,RU,1597431764
413,balod,20.73,74.41,93,100,13.02,IN,1597431765
414,todos santos,23.45,84.99,76,0,5.01,MX,1597431767
415,saint-georges,12.06,87.8,70,40,18.34,GD,1597431768
416,lagoa,39.05,72.66,71,31,10.78,PT,1597431769
417,angoche,-16.23,70.63,76,0,8.19,MZ,1597431770
418,jalu,29.03,86.41,38,0,18.16,LY,1597431771
419,conceicao do araguaia,-8.26,101.32,18,0,4.59,BR,1597431773
420,ritchie,-29.04,57.2,22,0,9.17,ZA,1597431774
421,grand gaube,-20.01,66.99,76,0,3.0,MU,1597431775
422,churapcha,62.0,38.84,85,1,3.8,RU,1597431778
423,roald,62.58,60.01,82,20,16.11,NO,1597431667
424,half moon bay,37.46,89.01,64,1,9.17,US,1597431780
425,magadan,59.57,52.84,89,100,5.06,RU,1597431781
426,monroe,43.15,84.0,39,20,16.11,US,1597431782
427,port lincoln,-34.73,52.03,87,0,9.26,AU,1597431784
428,barinas,8.62,86.85,65,14,7.34,VE,1597431785
429,enshi,30.3,74.34,84,100,0.96,CN,1597431786
430,mmabatho,-25.85,51.8,21,0,6.93,ZA,1597431787
431,moron,-34.65,71.01,72,17,8.05,AR,1597431564
432,aksu,41.12,72.99,25,0,2.15,CN,1597431790
433,puerto madryn,-42.77,50.79,43,0,23.24,AR,1597431791
434,penarroya-pueblonuevo,38.3,91.4,24,0,8.05,ES,1597431792
435,margate,51.38,71.01,86,27,6.58,GB,1597431783
436,marzuq,14.4,87.26,37,100,5.48,YE,1597431795
437,ransang,8.96,78.71,76,1,1.97,PH,1597431797
438,tiznit,29.58,74.64,53,0,4.21,MA,1597431798
439,nabire,-3.37,74.44,90,100,3.8,ID,1597431657
440,sharkan,57.3,55.99,95,100,1.99,RU,1597431801
441,terme,41.21,68.0,72,40,1.16,TR,1597431802
442,gumdag,39.21,88.05,36,21,10.76,TM,1597431803
443,markala,13.7,88.16,56,99,6.2,ML,1597431804
444,cody,44.53,75.99,28,58,4.0,US,1597431545
445,tulsipur,28.13,76.19,87,100,1.54,NP,1597431809
446,kalat,29.02,77.02,50,1,3.33,PK,1597431810
447,bay roberts,47.6,64.0,88,90,14.99,CA,1597431812
448,vostok,46.49,55.26,100,85,5.12,RU,1597431813
449,batsfjord,70.63,51.8,87,75,3.36,NO,1597431814
450,awbari,26.59,88.07,16,0,10.36,LY,1597431815
451,kristiinankaupunki,62.27,61.02,95,10,7.96,FI,1597431816
452,kholodnyy,62.72,36.72,78,8,1.14,RU,1597431818
453,gushikawa,26.35,82.4,83,20,8.12,JP,1597431819
454,kuytun,54.34,56.26,91,13,2.75,RU,1597431820
455,usvyaty,55.75,52.88,78,0,1.01,RU,1597431821
456,jinchang,38.5,66.27,57,35,1.95,CN,1597431823
457,luena,-11.78,61.95,26,0,2.8,AO,1597431824
458,waren,53.52,75.0,63,17,4.21,DE,1597431825
459,pasni,25.26,82.89,82,100,4.99,PK,1597431827
460,jaboatao,-8.18,80.6,65,40,12.75,BR,1597431828
461,kirakira,-10.45,78.84,80,100,3.6,SB,1597431829
462,luderitz,-26.65,58.87,72,0,17.69,NA,1597431833
463,sao joao da barra,-21.64,82.4,51,12,18.34,BR,1597431695
464,turbiv,49.35,56.5,69,0,6.53,UA,1597431835
465,mitsamiouli,-11.38,75.2,69,20,8.05,KM,1597431836
466,aksarka,66.56,45.57,74,0,4.56,RU,1597431837
467,muzhi,65.37,45.21,77,0,3.58,RU,1597431839
468,shaoguan,24.8,76.08,87,17,1.19,CN,1597431840
469,gat,31.61,82.0,44,0,0.74,IL,1597431841
470,sohag,26.56,96.8,20,0,10.29,EG,1597431842
471,atambua,-9.11,68.11,88,10,4.41,ID,1597431844
472,khandbari,27.37,74.75,75,96,2.98,NP,1597431845
473,talcahuano,-36.72,53.6,54,20,6.93,CL,1597431846
474,borogontsy,62.67,39.31,92,0,3.65,RU,1597431848
475,khipro,25.83,89.73,61,100,16.67,PK,1597431850
476,natitingou,10.3,73.4,88,75,5.82,BJ,1597431852
477,tuy hoa,13.08,77.88,85,100,4.68,VN,1597431853
478,panaba,21.28,92.79,49,3,6.46,MX,1597431854
479,albert lea,43.65,82.4,69,40,14.99,US,1597431855
480,scottsbluff,41.87,78.8,39,1,12.75,US,1597431857
481,petropavlovsk-kamchatskiy,53.05,48.2,100,75,6.71,RU,1597431858
482,cordoba,-31.41,70.0,16,0,14.99,AR,1597431694
483,fukue,32.69,82.45,87,0,9.4,JP,1597431860
484,salinas,36.68,95.0,35,1,6.93,US,1597431637
485,glyadyanskoye,54.91,53.76,69,100,7.96,RU,1597431863
486,borba,-4.39,101.5,24,47,5.01,BR,1597431864
487,hirara,24.8,83.53,80,71,10.49,JP,1597431865
488,katangli,51.71,54.43,89,100,6.42,RU,1597431867
489,avera,33.19,89.6,62,75,8.05,US,1597431868
490,ghansor,22.65,73.81,93,100,5.95,IN,1597431869
491,bauchi,10.5,72.95,83,100,4.38,NG,1597431870
492,conde,-7.26,82.4,61,40,12.75,BR,1597431873
493,porto novo,6.5,75.2,94,20,10.29,BJ,1597431732
494,dulce grande,23.0,75.2,31,20,11.41,MX,1597431877
495,leshukonskoye,64.9,45.9,76,100,5.44,RU,1597431878
496,aleksandrovsk-sakhalinskiy,50.9,57.65,84,100,7.09,RU,1597431879
497,immokalee,26.42,95.0,53,1,4.7,US,1597431840
498,nadym,65.53,44.29,83,63,9.51,RU,1597431882
499,kolosovka,56.47,47.68,92,0,6.4,RU,1597431883
500,nouna,12.73,85.75,61,66,5.77,BF,1597431884
501,torbay,47.67,61.0,93,90,14.99,CA,1597431885
502,quelimane,-17.88,71.6,78,40,3.36,MZ,1597431864
503,kultuk,51.72,58.41,82,44,4.72,RU,1597431889
504,kiunga,-6.12,73.38,98,100,1.14,PG,1597431890
505,iquique,-20.22,64.4,55,2,14.99,CL,1597431803
506,mozarlandia,-14.74,98.58,17,0,7.27,BR,1597431892
507,mandan,46.83,75.2,64,40,14.99,US,1597431830
508,roma,43.21,84.99,45,1,4.7,US,1597431726
509,sanmenxia,34.77,73.44,89,100,3.18,CN,1597431896
510,oksfjord,70.24,57.2,100,75,3.36,NO,1597431898
511,aketi,2.74,77.07,80,100,1.86,CD,1597431899
512,namtsy,62.72,37.4,76,0,6.71,RU,1597431900
513,mandera,3.94,84.47,45,57,20.49,KE,1597431901
514,fortuna,40.6,84.0,55,56,1.99,US,1597431903
515,doha,25.29,100.4,25,94,6.93,QA,1597431651
516,chapais,49.78,71.6,49,40,4.7,CA,1597431906
517,ahuimanu,21.44,80.6,65,40,11.41,US,1597431907
518,celestun,20.87,87.08,59,30,10.51,MX,1597431909
519,mpika,-11.83,58.33,37,29,5.3,ZM,1597431910
520,natchitoches,31.77,89.6,59,1,4.63,US,1597431911
521,kindu,-2.95,79.12,54,34,1.88,CD,1597431913
522,thanh hoa,19.8,77.23,88,100,3.91,VN,1597431914
523,minuri,16.54,73.96,88,98,2.06,PH,1597431915
524,pacific grove,36.62,96.01,37,1,3.36,US,1597431916
525,rawson,-43.3,50.16,44,0,21.81,AR,1597431918
526,riachao das neves,-11.75,93.06,21,0,6.46,BR,1597431746
527,mount pleasant,32.79,90.0,79,90,13.87,US,1597431920
528,puerto del rosario,28.5,75.2,78,20,18.34,ES,1597431743
529,najran,17.49,95.0,15,75,9.17,SA,1597431922
530,keflavik,64.0,57.2,81,84,16.11,IS,1597431924
531,vanimo,-2.67,74.97,86,100,5.53,PG,1597431667
532,toamasina,-18.17,66.2,100,20,5.08,MG,1597431926
533,candelaria,13.93,77.0,93,100,3.33,PH,1597431927
534,plettenberg bay,-34.05,52.12,81,0,5.48,ZA,1597431929
535,iwanai,42.97,66.58,90,100,8.12,JP,1597431930
536,trinidad,-14.83,99.39,26,5,8.86,BO,1597431931
537,ballarat,-37.57,43.0,89,84,2.57,AU,1597431934
538,valparaiso,-33.04,60.8,54,40,9.17,CL,1597431935
539,dudinka,69.41,62.6,67,1,11.18,RU,1597431936
540,los llanos de aridane,28.66,75.2,69,20,14.99,ES,1597431937
541,joue-les-tours,47.35,73.99,69,20,3.36,FR,1597431938
542,ushibuka,32.19,81.46,87,7,2.57,JP,1597431940
543,cherskiy,68.75,42.46,92,100,13.02,RU,1597431941
544,machilipatnam,16.17,77.0,94,90,6.93,IN,1597431942
545,kidal,18.44,100.13,16,11,3.13,ML,1597431943
546,bridlington,54.08,62.6,82,100,11.41,GB,1597431944
547,birjand,32.87,82.4,18,0,16.11,IR,1597431868
548,sao felix do xingu,-6.64,100.83,17,3,5.21,BR,1597431947
549,podporozhye,60.91,54.66,79,100,3.04,RU,1597431948
550,bilma,18.69,99.91,18,0,7.72,NE,1597431949
551,yerbogachen,61.28,42.44,79,0,6.51,RU,1597431952
552,mwinilunga,-11.74,60.44,25,99,4.5,ZM,1597431953
553,antofagasta,-23.65,59.0,58,20,16.11,CL,1597431954
554,sevierville,35.87,82.0,83,40,4.7,US,1597431791
